feature;mi_score
person;0.012220081754804204
democrat;-0.22720818505356075
republican;0.12213035603838246
political;0.1689555655926738
journalist;0.323857525578417
organization;-0.12693479041889633
