feature;mi_score
person;-0.007416881420115138
democrat;0.033666543903183875
republican;-0.04302195357809461
political;0.015084266385885748
journalist;-0.6081650240120147
organization;0.06084175694656086
