feature;mi_score
person;0.005996023224589731
democrat;0.1542699245099086
republican;-0.10980287292142638
political;0
journalist;0.2815883628635632
organization;-0.05723019368981777
