feature;mi_score
person;0.0019055080309053271
democrat;0.022817400322321463
republican;0.015901003489397658
political;0.0032239602037621926
journalist;0.0034971952712495973
organization;0.0019055080309053271
