feature;mi_score
person;-0.0025549514376257076
democrat;0.012412834024206523
republican;-0.014227494439556707
political;0.05901585010857875
journalist;-0.14380169896754155
organization;0.027138691247174378
