feature;mi_score
person;0.014801925797095944
democrat;0.06523741390714885
republican;-0.03337578795406472
political;-0.031773592982536056
journalist;0.2819606206173827
organization;-0.2084041808649383
