feature;mi_score
person;0.0014130972578939166
democrat;0.004250241677096728
republican;0.0025579540915341703
political;0.0005108523977215076
journalist;0.0011638362949069544
organization;0.0014130972578939166
