feature;mi_score
person;-0.0038118035828517967
democrat;-0.09964431821952137
republican;0.060262325602164525
political;-0.20137691420088827
journalist;0.05683997154919908
organization;0.03983627591323382
