feature;mi_score
person;-0.013482034629307913
democrat;-0.2691917103086469
republican;0.09597785692583549
political;-0.3540172962187698
journalist;-0.13917344817107194
organization;0.17709651404964608
