feature;mi_score
person;0.0029214058919235057
democrat;0.019350683509368874
republican;0.015410421747209385
political;0.0024015758086032638
journalist;0.00014967758248589196
organization;0.0029214058919235057
