feature;mi_score
person;0.009294638519186965
democrat;0.15292800579271776
republican;-0.11872452455997422
political;0.09897898635566461
journalist;0.10970285174743767
organization;-0.1913271439165435
