feature;mi_score
person;0.003845899570724234
democrat;0.04471850870272276
republican;-0.024317656705722095
political;0.07919139204820709
journalist;0.02296846780936695
organization;-0.06880190554627835
